Country Name,Country Code,Current health expenditure (% of GDP),GDP per capita (constant 2015 US$),"Life expectancy at birth, total (years)","Mortality rate, infant (per 1,000 live births)",People using at least basic sanitation services (% of population)
Afghanistan,AFG,14.9857626,378.0663031225898,66.035,49.9,53.0909369400519
Africa Eastern and Southern,AFE,5.543797304124695,1428.5462384367625,65.14622791637242,41.969085379329854,34.07951394853839
Africa Western and Central,AFW,4.142601451153942,1782.326070042659,58.847483384040494,57.35368169200218,40.17134389550573
Albania,ALB,7.05240345,6204.435256121144,79.602,8.3,99.2994944120586
Algeria,DZA,4.35082531,4660.4054568789525,76.261,19.7,85.8670433970582
Andorra,AND,7.69928026,40227.23352974002,84.041,2.5,100.0
Antigua and Barbuda,ATG,3.91348195,17938.31868280469,77.598,7.2,99.6058209466968
Arab World,ARB,5.165764916983871,6322.0255833111405,72.44467835785314,27.44093689713154,86.35323165027397
Armenia,ARM,9.32119179,5197.235090135753,77.4658536585366,8.9,93.5674537130871
Australia,AUS,10.39852047,61869.082498575975,83.05121951219513,3.1,100.0
Austria,AUT,11.15297318,46497.91146403411,81.79268292682929,2.8,99.9722421586423
Azerbaijan,AZE,4.27113533,5668.610213170288,74.429,13.2,97.9482163589564
Bahrain,BHR,3.99562383,25342.622664157167,81.284,7.2,100.0
Bangladesh,BGD,2.17014575,1885.3773361354515,74.672,24.4,65.6304136319171
Barbados,BRB,5.40463829,21701.266027070076,76.178,9.4,98.0924623115578
Belarus,BLR,7.08167362,6497.78450683592,74.18378048780488,1.9,99.7199437262096
Belgium,BEL,10.80371571,44828.22745212442,82.40000000000002,3.2,99.4862165648512
Belize,BLZ,4.14735794,6165.6941482593575,73.566,10.9,84.2497280854857
Benin,BEN,3.33732462,1263.621583363682,60.774,46.5,21.5460291941212
Bhutan,BTN,4.41551638,3480.5138852318423,72.975,14.3,85.2990010822165
Bolivia,BOL,6.91864729,3122.770494662225,68.581,14.9,70.4335419312464
Botswana,BWA,6.25574684,7269.051706644575,69.163,33.3,71.9941392506475
Brazil,BRA,9.73092747,9288.027014700689,75.848,12.4,91.7128476214348
Brunei Darussalam,BRN,2.2286067,28645.96453962838,75.327,8.7,100.0
Bulgaria,BGR,7.91853094,9787.76510584614,75.75609756097562,4.8,86.0662621462475
Burkina Faso,BFA,7.79943228,745.4053346184086,61.092,44.9,30.9150753845811
Burundi,BDI,9.09471226,264.8433079451201,63.651,31.4,44.6456125902738
Cabo Verde,CPV,5.84791613,4168.677484075933,76.059,11.0,83.0869470550891
Cambodia,KHM,4.61706829,2085.057484621225,70.668,17.0,80.3569034278216
Cameroon,CMR,4.5545516,1468.1783700733736,63.7,41.3,46.6226225275107
Canada,CAN,11.18692875,45495.51008926053,81.62634146341465,4.7,98.5881318805776
Caribbean small states,CSS,5.4877879619410495,16520.506662977536,73.17164500130976,17.020532504721867,92.1260526389118
Central African Republic,CAF,10.65553188,397.4677957504514,57.408,60.8,13.939220081887
Central Europe and the Baltics,CEB,7.172075088561394,16496.672877909194,77.75803846836848,3.952796712751239,96.04115370028887
Chad,TCD,4.99707747,856.9855072836983,55.069,58.0,13.0279538007946
Chile,CHL,10.17470455,14294.710663559546,81.167,5.9,100.0
China,CHN,5.94388866,12483.979110124916,77.953,4.4,97.2411682339468
Colombia,COL,8.15838146,6837.373920845344,77.725,10.8,95.7128008202529
Comoros,COM,6.55212021,1383.6420175957458,66.777,36.0,56.104836588019
"Congo, Dem. Rep.",COD,3.68495083,539.4591263791301,61.895,57.2,16.2386817602994
Costa Rica,CRI,6.8663702,14531.500513746569,80.799,8.8,98.6179737414505
Cote d'Ivoire,CIV,3.43218303,2315.3643471032387,61.944,46.2,39.6407426651959
Cuba,CUB,9.38383102,7433.428853996736,78.085,6.5,94.1220801306732
Cyprus,CYP,8.11912918,32022.01953125,81.648,3.8,99.4768823557025
Czechia,CZE,8.42677402,20272.587401733424,79.8268292682927,2.1,99.0708089030162
Denmark,DNK,9.5572958,59026.98436509993,81.75365853658539,3.4,99.5972246130908
Djibouti,DJI,2.28316021,3117.8155381531,65.987,44.4,67.0234840121481
Dominican Republic,DOM,4.59880495,8809.96335385949,73.72,28.4,89.6102380882298
Early-demographic dividend,EAR,4.827638842612603,3783.3136499138295,71.7962449795855,26.141172194300623,78.48967816554467
East Asia & Pacific,EAS,6.820392360224897,12838.668157464494,76.6572021082574,11.1,94.3670031418802
East Asia & Pacific (IDA & IBRD countries),TEA,5.60851637724168,9774.780429859591,75.90856436038071,11.67640973392274,93.91948025313984
East Asia & Pacific (excluding high income),EAP,5.608355198300051,9666.084326452565,75.88068308952657,11.725115588833953,93.80707777190716
Ecuador,ECU,7.56167889,6165.409775556953,77.392,11.1,90.5556911375942
"Egypt, Arab Rep.",EGY,4.88449335,4111.311847901801,71.633,21.3,96.8657483684403
El Salvador,SLV,9.28738594,4481.196641083564,72.099,9.2,87.7919676704677
Estonia,EST,7.47082138,20126.37304869572,78.79268292682927,1.6,99.0220443822146
Eswatini,SWZ,7.49763966,3790.165767880914,64.123,44.7,63.8676533294277
Ethiopia,ETH,2.80310345,842.446604881663,67.315,38.7,10.0168072289161
Euro area,EMU,10.289918007465396,37542.8850711276,82.13789561354979,3.065071432289669,98.80157170823809
Europe & Central Asia,ECS,9.584967685504507,25741.03800706912,78.39123420104971,6.9,97.29513399488584
Europe & Central Asia (IDA & IBRD countries),TEC,6.215323656549353,10132.301327056615,74.6977324805541,9.563029068395222,95.49655229213404
Europe & Central Asia (excluding high income),ECA,4.9205238605961545,8435.753811069553,74.79014162699094,12.287357713830897,97.92031018242056
European Union,EUU,9.99899300228438,34626.528246047725,81.4249329538218,3.1996539040338794,98.45708244118858
Fiji,FJI,3.61524153,5761.56947891018,67.316,23.5,92.7542060099235
Finland,FIN,10.47389507,45196.481440013646,81.58536585365854,1.9,99.4479540389609
France,FRA,11.51974583,39319.41522272951,82.83170731707318,3.4,98.6451856910254
Gabon,GAB,3.13430715,6541.253686180423,68.337,26.9,57.3016336632799
"Gambia, The",GMB,2.89250112,735.6123840626163,65.86,33.7,47.9457928819298
Georgia,GEO,6.85758877,6180.6206023429,74.496,7.6,90.04898468576
Germany,DEU,11.74428654,44368.99200748806,81.04146341463415,3.1,99.2265552501835
Ghana,GHA,2.94686937,2091.8133559646526,65.498,28.4,30.3048454596217
Greece,GRC,8.39367008,21050.86481115808,81.73658536585367,3.3,99.0039477070011
Grenada,GRD,4.65330839,9817.863835839164,75.205,16.7,92.6192396904393
Guatemala,GTM,6.80241346,4469.05514652918,72.602,17.7,70.6041253212475
Guinea,GIN,3.69442987,1016.880948003239,60.74,61.4,32.538855541003
Guinea-Bissau,GNB,8.82204819,769.5046524617952,64.085,43.4,28.8319728978299
Guyana,GUY,2.46673751,23101.353828274085,70.18,24.0,91.3046762515848
Haiti,HTI,3.19156528,1219.118716458474,64.936,40.1,29.0180834702733
Heavily indebted poor countries (HIPC),HPC,4.452533592037297,992.1749170214356,64.7182457242664,44.17494365798455,32.48129456751322
High income,HIC,12.538119602724354,41501.29487308872,80.14968026188743,4.3,98.26392525372717
Honduras,HND,7.70976162,2527.273663331885,72.884,13.2,86.7701956081898
Hungary,HUN,6.36868954,16375.046272419238,76.5707317073171,3.2,97.976195278385
IBRD only,IBD,5.909896093618093,7237.597881754135,74.51797646239585,17.256841851203706,89.89361789590478
IDA & IBRD total,IBT,5.769170761519484,5634.164826923169,71.99999282172827,30.522645682455657,78.50191304350771
IDA blend,IDB,3.8935540477279735,2062.6235641928683,62.46216433273493,53.73832979891896,57.89025567093381
IDA only,IDX,3.840424655339063,1147.1631678795557,67.0575957681524,40.64432930980676,44.47107954071127
IDA total,IDA,3.864042815042751,1466.4046761671932,65.45506608081351,45.16785868102054,49.15038285927154
Iceland,ISL,8.70510101,59951.753773969234,82.45609756097564,2.1,98.7786759933373
India,IND,3.33944035,2229.71491223037,72.003,24.5,80.6978943350927
Indonesia,IDN,2.70239949,4192.644010341808,71.146,15.7,86.9363345400971
"Iran, Islamic Rep.",IRN,6.02542305,5687.843962687416,77.654,10.6,90.4119852074826
Iraq,IRQ,5.53275251,4337.087053242201,72.324,20.7,98.501709975411
Ireland,IRL,6.57538509,93541.96436783814,82.80731707317074,3.4,89.742009351926
Israel,ISR,7.09822369,42131.74156758061,83.19512195121952,2.7,99.9190335270473
Italy,ITA,8.40559483,34221.71829282708,83.35121951219513,2.3,99.8849719036501
Jamaica,JAM,7.60493946,6127.907712634335,71.479,16.7,91.1018987715533
Japan,JPN,10.73979473,37902.54922044109,84.04121951219513,1.8,99.9455793899546
Jordan,JOR,7.66000605,4373.38088482368,77.814,12.3,96.5203168428374
Kazakhstan,KAZ,3.76701546,11453.39527253626,74.402,7.6,97.948876378574
Kenya,KEN,4.35172892,1811.2165183842496,63.646,34.7,40.1703366344741
Kiribati,KIR,10.94525623,1990.1460592210367,66.473,39.8,45.1052498687683
"Korea, Rep.",KOR,8.5650692,36347.7036392553,83.42926829268293,2.4,99.7457286506475
Kuwait,KWT,4.96311998,24722.814370185697,83.1878048780488,7.2,100.0
Kyrgyz Republic,KGZ,4.50344467,1298.2572448221135,72.2487804878049,15.0,98.4088738227501
Lao PDR,LAO,1.32651615,2648.8872660803527,68.964,28.2,86.9959981840748
Late-demographic dividend,LTE,6.311552095425175,11414.692403804243,77.12405373716255,7.413820588030134,95.9006060437268
Latin America & Caribbean,LCN,7.94355058922187,8736.176803857228,75.64352733579062,13.6,89.88597009908162
Latin America & Caribbean (excluding high income),LAC,7.840155677233975,8203.238951375028,75.36196580995906,13.789246543757669,89.33864767636425
Latin America & the Caribbean (IDA & IBRD countries),TLA,7.947352807068007,8611.077811218314,75.56992583796877,13.66637280634491,89.74864349698575
Latvia,LVA,7.27783823,16229.384452024511,75.42682926829269,2.4,92.5186835470802
Least developed countries: UN classification,LDC,3.6066857264497454,1074.2916504331567,66.51962632321951,41.84938241819203,41.52848391435312
Lebanon,LBN,5.57497263,5834.634157393939,77.817,14.7,99.2
Lesotho,LSO,12.61182117,973.116561960912,57.375,58.4,46.6178621737328
Liberia,LBR,13.00574875,653.3291883431617,62.163,63.6,22.7604195167576
Libya,LBY,7.80515862,7630.49664928174,69.339,16.3,88.6060378754098
Lithuania,LTU,7.31801939,18748.93026471908,77.29024390243904,2.9,96.3848409552758
Low & middle income,LMY,5.610906831674266,5358.983409019792,71.88724009350054,30.925333566416622,78.02216141641931
Low income,LIC,4.570737641894176,697.417753503119,65.03568342413293,47.7,34.50560113186351
Lower middle income,LMC,3.7080873998573143,2182.511861435581,69.32824451499322,33.9,72.33977966793488
Luxembourg,LUX,5.78777981,105422.76466019188,83.30975609756099,1.9,97.6032304799558
Madagascar,MDG,3.42822957,445.8741020522671,63.632,43.7,15.2883891812498
Malawi,MWI,6.53459597,557.0352396579104,67.353,38.4,49.23687867184
Malaysia,MYS,3.95760036,11445.392527507936,76.657,6.9,96.0191440152349
Maldives,MDV,9.24973583,11439.536434287054,81.041,5.0,99.3176875376915
Mali,MLI,3.81316996,892.6892195324289,60.439,49.3,46.4485840749361
Malta,MLT,8.84301376,33429.817209233646,83.35609756097561,4.8,100.0
Marshall Islands,MHL,13.40528965,5460.117959152135,66.945,23.4,78.9094220356239
Mauritania,MRT,4.34333467,1638.9922158302293,68.484,31.1,58.2608340232933
Mauritius,MUS,5.56544495,11330.733565576717,73.41219512195123,13.8,97.0904086099851
Mexico,MEX,5.50398684,10234.68402656512,75.069,12.4,92.9784568798496
"Middle East, North Africa, Afghanistan & Pakistan",MEA,5.342568168189645,5463.85312225795,72.08383647045635,33.0,83.43443918566841
"Middle East, North Africa, Afghanistan & Pakistan (IDA & IBRD)",TMN,5.154227580897175,3016.3878622000584,71.3194560888195,34.79418153378042,81.87881201484565
"Middle East, North Africa, Afghanistan & Pakistan (excluding high income)",MNA,5.204671488391588,3016.2521002044887,71.27588498845824,34.64214946038507,82.00290307333074
Middle income,MIC,5.624555954499964,5930.653000147838,72.7277443304535,26.830391400439613,83.42846963271012
Moldova,MDA,6.7359705,3758.368819408199,71.198,14.9,86.3094330336137
Monaco,MCO,3.11959291,225884.0771991251,86.372,2.3,100.0
Mongolia,MNG,6.07207489,4456.5362755272645,72.12243902439025,11.4,72.8851663037703
Montenegro,MNE,9.6549921,8278.024610062623,77.58780487804879,2.0,97.8297883395881
Morocco,MAR,6.06396198,3421.21704101563,75.313,15.3,87.6475617548846
Mozambique,MOZ,8.50126553,610.5910416115379,63.611,44.9,37.257486002339
Myanmar,MMR,4.45748425,1177.7664964556272,66.889,33.8,74.156188318795
Namibia,NAM,9.48251629,3973.490105799979,67.385,38.3,38.4005446833098
Naoero,NRU,18.21076012,8150.433962639482,62.109,8.2,70.9709291863493
Nepal,NPL,6.15843678,1136.4276931196962,70.354,23.1,82.5877911140468
Netherlands,NLD,9.83150005,50960.781030530845,81.86341463414635,3.4,97.6632296431228
New Zealand,NZL,10.12947655,42501.49320449682,81.75853658536587,4.1,99.999999971682
Niger,NER,4.04895782,561.960694711722,61.183,66.9,15.8722896113192
Nigeria,NGA,4.19086456,2280.677771671623,54.462,70.1,47.7155813553496
North America,NAC,16.291020473639232,63532.00768717634,78.73045134646061,5.4,99.50603815691356
North Macedonia,MKD,7.42730284,6423.992213933695,75.31609756097562,3.0,98.9894017609484
Norway,NOR,9.42925453,83100.79446458716,83.01219512195124,2.0,98.0480105181421
OECD members,OED,12.748164256774078,40246.743427263646,80.16297340619893,6.054529609826586,98.63059816351938
Oman,OMN,3.49047446,17853.964489780064,80.031,8.4,99.3207794038753
Other small states,OSS,7.347532804344486,12357.387278889824,73.5849815358082,25.297258940594407,84.3381897826745
Pacific island small states,PSS,5.662590489493208,3890.394887089216,69.27459490358558,19.0789703343776,66.7578537588005
Pakistan,PAK,2.51988316,1610.3312283753653,67.649,49.7,71.8243245387853
Palau,PLW,10.85468197,13070.794450215351,69.269,19.0,99.0217636084131
Panama,PAN,8.33022976,16877.15434256459,79.594,11.9,87.8666162534578
Papua New Guinea,PNG,2.87081432,2515.285750965886,66.134,32.2,23.2257913219562
Paraguay,PRY,8.35731316,6452.285668400343,73.844,15.0,95.2491802778514
Peru,PER,5.63786411,6575.182955022283,77.74,11.3,78.2571577701354
Philippines,PHL,5.10122538,3744.6976380268593,69.833,22.0,85.991294396015
Poland,POL,7.13848782,17410.383013706578,78.25853658536586,3.7,98.9566925447355
Portugal,PRT,10.02761173,22417.16340609061,82.32926829268294,2.7,99.6602104639564
Post-demographic dividend,PST,13.280204748296809,46338.32458466064,80.83426783187637,4.107307338390871,99.23048344551
Pre-demographic dividend,PRE,4.471738856318226,1429.188752476235,62.16306036909525,49.84043606160423,40.2167628967345
Qatar,QAT,2.52358818,65111.03332148503,82.368,4.9,99.936545083788
Romania,ROU,5.70901489,12340.817050996884,76.40487804878049,5.6,90.505532492932
Russian Federation,RUS,7.04438496,10560.4658203125,73.25463414634149,4.2,91.5886930920727
Rwanda,RWA,5.12708998,993.9110046435244,67.785,30.1,80.3475631851087
Samoa,WSM,6.78103304,4688.463053661133,71.698,12.6,96.8487142072358
San Marino,SMR,6.60829115,51323.77410029275,85.706,1.3,100.0
Sao Tome and Principe,STP,5.77292156,1380.6016941625685,69.718,9.5,48.6086612768342
Saudi Arabia,SAU,5.68722248,25634.82375478405,78.732,4.8,97.6024090977173
Senegal,SEN,4.32314825,1458.9664233274968,68.683,30.0,61.4661335345473
Serbia,SRB,8.03133774,8208.478689150696,76.14146341463415,4.5,97.9347704722446
Seychelles,SYC,4.48238087,16286.855786767292,75.41951219512197,13.1,99.7
Sierra Leone,SLE,4.71883011,1113.868375006968,61.786,56.3,23.9048711595784
Singapore,SGP,4.49163246,65976.70680369032,83.09756097560977,2.1,100.0
Slovak Republic,SVK,7.35262203,19383.373200940143,78.11951219512196,5.2,97.5393256080188
Slovenia,SVN,9.30008888,25773.90158350689,81.92926829268292,1.9,98.3111577508786
Small states,SST,6.766807774380663,12160.058763530582,72.91304001578426,22.44141446935194,83.48721131772272
Solomon Islands,SLB,5.36366177,1795.8879869714162,70.528,16.9,34.4025678319385
"Somalia, Fed. Rep.",SOM,3.74413586,464.7210695256096,58.816,67.3,43.4108945004739
South Africa,ZAF,8.90966797,5756.550494531214,66.139,24.3,76.7816295496925
South Asia,SAS,3.259776635465093,2201.342489825024,72.3247648783903,24.2,79.37995942279345
South Asia (IDA & IBRD),TSA,3.259776635465093,2201.342489825024,72.3247648783903,24.22522244571072,79.37995942279345
Spain,ESP,9.2206583,28558.63198175008,83.93414634146342,2.6,99.9183686152338
Sri Lanka,LKA,3.68313766,3977.135649950852,77.483,5.3,95.3491933910345
Sub-Saharan Africa,SSF,4.919668463836155,1571.4055801622983,62.6027406477464,48.2,36.597084796018045
Sub-Saharan Africa (IDA & IBRD countries),TSS,4.919668463836156,1571.4055801622987,62.6027406477464,48.2407285889682,36.59708479601805
Sub-Saharan Africa (excluding high income),SSA,4.920119627895775,1570.0053036533254,62.60152104359793,48.24219646680445,36.59084075922124
Sudan,SDN,2.85165739,677.723205566406,66.331,44.0,62.7305457858252
Suriname,SUR,5.40666008,7186.473081441445,73.631,15.2,89.9842718946213
Sweden,SWE,11.152915,53937.79671224295,83.30975609756099,2.0,98.7436812461122
Switzerland,CHE,11.69096088,92947.94244415684,84.15609756097562,3.4,99.8998744202541
Tajikistan,TJK,7.43789911,1407.107543622102,71.79,24.0,95.9857039731115
Tanzania,TZA,3.05201221,1092.86413574219,66.995,29.7,35.6824982712263
Thailand,THA,4.53787661,6423.991011641494,76.412,7.9,99.0385374392322
Timor-Leste,TLS,9.59779453,1279.2112241611007,67.689,35.7,70.4877207394957
Togo,TGO,6.10829544,1011.2308927823004,62.74,35.9,25.0297462105085
Tonga,TON,7.36037779,4680.300106643572,72.895,8.0,93.9318098810781
Trinidad and Tobago,TTO,7.52568626,15922.766834978773,73.49,17.5,94.1907029265778
Tunisia,TUN,7.98537874,3967.3338763453353,76.508,10.5,97.9849156132874
Turkiye,TUR,4.27524424,14932.885136312188,77.156,9.8,99.2664132586442
Turkmenistan,TKM,5.49789095,7879.965597897158,70.073,31.3,99.7373196526799
Tuvalu,TUV,27.08968544,4165.769387056404,67.105,17.0,89.2608901052421
Uganda,UGA,4.23600149,955.7457972754618,68.252,36.2,23.5293222340079
United Arab Emirates,ARE,4.97095108,41926.57734984073,82.909,4.0,99.0890518596042
United Kingdom,GBR,10.99128914,47911.15401348323,81.2380975609756,4.1,99.1037240160958
United States,USA,16.69414902,65667.28158046801,78.38536585365854,5.5,99.6151178147694
Upper middle income,UMC,6.041349294592505,9448.075668497624,75.91798644499116,11.3,93.83352863130696
Uruguay,URY,9.01887608,18403.675312515672,78.138,6.1,98.8933870836172
Uzbekistan,UZB,6.74312878,4281.205421212247,72.388,13.1,96.4278294703949
Vanuatu,VUT,4.1186676,3178.3031116211982,71.477,14.7,48.197355856503
"Venezuela, RB",VEN,3.77611423,1427.8865594380543,72.514,21.2,98.3955859787771
Viet Nam,VNM,4.56109476,3772.360291161032,74.588,12.4,94.0898634431677
West Bank and Gaza,PSE,10.73343945,2997.2269407784893,65.17,16.8,99.3925426491979
World,WLD,10.060446599469854,11670.82246808224,73.33022302763743,28.4,81.54508319456866
Zambia,ZMB,5.97841072,1330.8599821675073,66.349,35.0,36.7391328457853
Zimbabwe,ZWE,2.92601609,1418.4718462879948,62.775,62.2,34.6283464803415
